name,label
roquefort/00000015.jpg,roquefort
roquefort/00000167.png,roquefort
roquefort/00000008.jpg,roquefort
roquefort/00000060.jpg,roquefort
roquefort/00000100.jpg,roquefort
roquefort/00000178.jpg,roquefort
roquefort/00000105.jpg,roquefort
roquefort/00000120.jpg,roquefort
roquefort/00000185.jpg,roquefort
roquefort/00000087.jpg,roquefort
roquefort/00000056.jpg,roquefort
roquefort/00000137.jpg,roquefort
roquefort/00000043.jpg,roquefort
roquefort/00000152.jpg,roquefort
roquefort/00000149.jpg,roquefort
roquefort/00000155.jpg,roquefort
roquefort/00000099.JPG,roquefort
roquefort/00000031.jpg,roquefort
roquefort/00000065.jpg,roquefort
roquefort/00000187.jpg,roquefort
roquefort/00000055.jpg,roquefort
roquefort/00000151.jpg,roquefort
roquefort/00000170.jpg,roquefort
roquefort/00000115.jpg,roquefort
roquefort/00000041.jpg,roquefort
roquefort/00000073.jpg,roquefort
roquefort/00000124.jpg,roquefort
roquefort/00000071.jpg,roquefort
roquefort/00000025.jpg,roquefort
roquefort/00000072.jpg,roquefort
roquefort/00000000.png,roquefort
roquefort/00000188.jpg,roquefort
roquefort/00000108.jpg,roquefort
roquefort/00000112.jpg,roquefort
roquefort/00000020.jpg,roquefort
roquefort/00000142.jpg,roquefort
roquefort/00000109.jpg,roquefort
roquefort/00000197.jpg,roquefort
roquefort/00000013.jpeg,roquefort
roquefort/00000057.jpeg,roquefort
roquefort/00000156.jpg,roquefort
roquefort/00000049.png,roquefort
roquefort/00000059.jpg,roquefort
roquefort/00000139.jpg,roquefort
roquefort/00000068.jpg,roquefort
roquefort/00000096.jpg,roquefort
roquefort/00000061.jpg,roquefort
roquefort/00000110.png,roquefort
roquefort/00000117.jpg,roquefort
roquefort/00000103.jpg,roquefort
roquefort/00000042.jpg,roquefort
roquefort/00000126.jpg,roquefort
roquefort/00000122.jpg,roquefort
roquefort/00000169.jpg,roquefort
roquefort/00000003.jpg,roquefort
roquefort/00000148.jpeg,roquefort
roquefort/00000157.jpg,roquefort
roquefort/00000176.jpg,roquefort
roquefort/00000005.jpg,roquefort
roquefort/00000029.jpg,roquefort
roquefort/00000181.jpg,roquefort
roquefort/00000070.jpg,roquefort
roquefort/00000032.jpg,roquefort
roquefort/00000044.jpg,roquefort
roquefort/00000174.jpg,roquefort
roquefort/00000195.jpg,roquefort
roquefort/00000098.jpeg,roquefort
roquefort/00000130.jpg,roquefort
roquefort/00000168.jpg,roquefort
roquefort/00000196.jpg,roquefort
roquefort/00000154.png,roquefort
roquefort/00000147.jpg,roquefort
roquefort/00000035.jpg,roquefort
roquefort/00000161.jpg,roquefort
roquefort/00000119.jpg,roquefort
roquefort/00000009.jpg,roquefort
roquefort/00000198.jpg,roquefort
roquefort/00000143.jpg,roquefort
roquefort/00000191.jpg,roquefort
roquefort/00000101.jpg,roquefort
roquefort/00000140.jpg,roquefort
roquefort/00000097.jpg,roquefort
roquefort/00000121.jpg,roquefort
roquefort/00000159.jpg,roquefort
roquefort/00000107.jpg,roquefort
roquefort/00000129.jpg,roquefort
roquefort/00000033.jpg,roquefort
roquefort/00000128.jpg,roquefort
roquefort/00000080.jpg,roquefort
roquefort/00000179.jpeg,roquefort
roquefort/00000132.jpg,roquefort
roquefort/00000050.jpeg,roquefort
roquefort/00000052.jpg,roquefort
roquefort/00000145.jpg,roquefort
roquefort/00000079.jpg,roquefort
roquefort/00000141.jpg,roquefort
roquefort/00000113.jpg,roquefort
roquefort/00000046.png,roquefort
roquefort/00000093.jpg,roquefort
roquefort/00000106.JPG,roquefort
roquefort/00000063.png,roquefort
roquefort/00000125.jpg,roquefort
roquefort/00000082.jpg,roquefort
roquefort/00000160.jpg,roquefort
roquefort/00000190.jpg,roquefort
roquefort/00000067.jpeg,roquefort
roquefort/00000022.jpg,roquefort
roquefort/00000134.jpg,roquefort
roquefort/00000077.jpg,roquefort
roquefort/00000028.jpg,roquefort
roquefort/00000069.jpg,roquefort
roquefort/00000144.jpg,roquefort
roquefort/00000086.jpg,roquefort
roquefort/00000045.jpg,roquefort
roquefort/00000011.png,roquefort
roquefort/00000104.jpg,roquefort
roquefort/00000047.jpg,roquefort
roquefort/00000102.jpg,roquefort
roquefort/00000084.jpg,roquefort
roquefort/00000036.jpg,roquefort
roquefort/00000194.png,roquefort
roquefort/00000026.jpg,roquefort
roquefort/00000183.jpg,roquefort
roquefort/00000038.jpg,roquefort
roquefort/00000039.jpg,roquefort
roquefort/00000133.jpg,roquefort
roquefort/00000186.jpg,roquefort
roquefort/00000075.jpg,roquefort
roquefort/00000014.jpg,roquefort
roquefort/00000153.jpg,roquefort
roquefort/00000136.jpg,roquefort
roquefort/00000066.jpg,roquefort
roquefort/00000007.png,roquefort
roquefort/00000062.jpg,roquefort
roquefort/00000131.jpg,roquefort
roquefort/00000150.jpg,roquefort
roquefort/00000019.jpg,roquefort
roquefort/00000127.jpg,roquefort
roquefort/00000027.jpg,roquefort
roquefort/00000081.jpg,roquefort
roquefort/00000053.jpg,roquefort
roquefort/00000002.jpg,roquefort
roquefort/00000091.png,roquefort
roquefort/00000199.jpg,roquefort
roquefort/00000017.jpg,roquefort
roquefort/00000037.jpg,roquefort
roquefort/00000146.jpg,roquefort
roquefort/00000184.jpg,roquefort
roquefort/00000021.JPG,roquefort
roquefort/00000116.jpg,roquefort
roquefort/00000135.jpg,roquefort
roquefort/00000018.JPG,roquefort
roquefort/00000023.jpg,roquefort
roquefort/00000171.jpg,roquefort
roquefort/00000193.jpg,roquefort
roquefort/00000040.JPG,roquefort
roquefort/00000054.jpg,roquefort
roquefort/00000034.jpg,roquefort
roquefort/00000012.jpg,roquefort
roquefort/00000163.jpg,roquefort
roquefort/00000048.jpg,roquefort
roquefort/00000051.jpg,roquefort
roquefort/00000158.jpg,roquefort
roquefort/00000164.jpg,roquefort
roquefort/00000165.jpg,roquefort
roquefort/00000166.jpg,roquefort
roquefort/00000138.jpg,roquefort
roquefort/00000006.jpg,roquefort
roquefort/00000024.jpg,roquefort
roquefort/00000118.jpg,roquefort
roquefort/00000162.jpg,roquefort
roquefort/00000010.png,roquefort
roquefort/00000030.jpg,roquefort
cantal/00000015.jpg,cantal
cantal/00000167.png,cantal
cantal/00000008.jpg,cantal
cantal/00000060.jpg,cantal
cantal/00000100.jpg,cantal
cantal/00000178.jpg,cantal
cantal/00000105.jpg,cantal
cantal/00000085.JPG,cantal
cantal/00000021.jpg,cantal
cantal/00000040.jpg,cantal
cantal/00000185.jpg,cantal
cantal/00000087.jpg,cantal
cantal/00000056.jpg,cantal
cantal/00000139.png,cantal
cantal/00000137.jpg,cantal
cantal/00000043.jpg,cantal
cantal/00000152.jpg,cantal
cantal/00000194.jpg,cantal
cantal/00000155.jpg,cantal
cantal/00000031.jpg,cantal
cantal/00000065.jpg,cantal
cantal/00000187.jpg,cantal
cantal/00000055.jpg,cantal
cantal/00000147.png,cantal
cantal/00000131.png,cantal
cantal/00000151.jpg,cantal
cantal/00000007.jpg,cantal
cantal/00000170.jpg,cantal
cantal/00000115.jpg,cantal
cantal/00000073.jpg,cantal
cantal/00000096.png,cantal
cantal/00000083.jpg,cantal
cantal/00000124.jpg,cantal
cantal/00000025.jpg,cantal
cantal/00000144.gif,cantal
cantal/00000071.JPG,cantal
cantal/00000108.jpg,cantal
cantal/00000112.jpg,cantal
cantal/00000020.jpg,cantal
cantal/00000142.jpg,cantal
cantal/00000177.jpg,cantal
cantal/00000109.jpg,cantal
cantal/00000158.jpeg,cantal
cantal/00000173.jpg,cantal
cantal/00000182.gif,cantal
cantal/00000059.jpg,cantal
cantal/00000068.jpg,cantal
cantal/00000061.jpg,cantal
cantal/00000117.jpg,cantal
cantal/00000103.jpg,cantal
cantal/00000042.jpg,cantal
cantal/00000148.jpg,cantal
cantal/00000122.jpg,cantal
cantal/00000057.jpg,cantal
cantal/00000135.JPG,cantal
cantal/00000088.jpg,cantal
cantal/00000169.jpg,cantal
cantal/00000141.JPG,cantal
cantal/00000157.jpg,cantal
cantal/00000176.jpg,cantal
cantal/00000005.jpg,cantal
cantal/00000066.png,cantal
cantal/00000181.jpg,cantal
cantal/00000070.jpg,cantal
cantal/00000032.jpg,cantal
cantal/00000175.jpg,cantal
cantal/00000106.jpg,cantal
cantal/00000044.jpg,cantal
cantal/00000130.jpg,cantal
cantal/00000011.jpg,cantal
cantal/00000067.jpg,cantal
cantal/00000128.png,cantal
cantal/00000196.jpg,cantal
cantal/00000018.jpg,cantal
cantal/00000035.jpg,cantal
cantal/00000161.jpg,cantal
cantal/00000009.jpg,cantal
cantal/00000198.jpg,cantal
cantal/00000143.jpg,cantal
cantal/00000101.jpg,cantal
cantal/00000097.jpg,cantal
cantal/00000179.jpg,cantal
cantal/00000121.jpg,cantal
cantal/00000159.jpg,cantal
cantal/00000080.jpg,cantal
cantal/00000132.jpg,cantal
cantal/00000003.png,cantal
cantal/00000016.jpg,cantal
cantal/00000052.jpg,cantal
cantal/00000145.jpg,cantal
cantal/00000072.png,cantal
cantal/00000114.jpg,cantal
cantal/00000079.jpg,cantal
cantal/00000113.jpg,cantal
cantal/00000104.png,cantal
cantal/00000046.png,cantal
cantal/00000093.jpg,cantal
cantal/00000107.png,cantal
cantal/00000125.jpg,cantal
cantal/00000082.jpg,cantal
cantal/00000001.jpeg,cantal
cantal/00000089.jpg,cantal
cantal/00000190.jpg,cantal
cantal/00000174.JPG,cantal
cantal/00000022.jpg,cantal
cantal/00000134.jpg,cantal
cantal/00000092.jpg,cantal
cantal/00000077.jpg,cantal
cantal/00000028.jpg,cantal
cantal/00000078.jpg,cantal
cantal/00000069.jpg,cantal
cantal/00000086.jpg,cantal
cantal/00000126.JPG,cantal
cantal/00000180.png,cantal
cantal/00000154.jpg,cantal
cantal/00000172.jpg,cantal
cantal/00000102.jpg,cantal
cantal/00000191.png,cantal
cantal/00000084.jpg,cantal
cantal/00000036.jpg,cantal
cantal/00000026.jpg,cantal
cantal/00000183.jpg,cantal
cantal/00000038.jpg,cantal
cantal/00000039.jpg,cantal
cantal/00000133.jpg,cantal
cantal/00000075.jpg,cantal
cantal/00000010.jpg,cantal
cantal/00000013.jpg,cantal
cantal/00000074.jpg,cantal
cantal/00000014.jpg,cantal
cantal/00000153.jpg,cantal
cantal/00000136.jpg,cantal
cantal/00000062.jpg,cantal
cantal/00000150.jpg,cantal
cantal/00000019.jpg,cantal
cantal/00000127.jpg,cantal
cantal/00000027.jpg,cantal
cantal/00000081.jpg,cantal
cantal/00000140.JPG,cantal
cantal/00000053.jpg,cantal
cantal/00000002.jpg,cantal
cantal/00000199.jpg,cantal
cantal/00000017.jpg,cantal
cantal/00000094.jpg,cantal
cantal/00000037.jpg,cantal
cantal/00000146.jpg,cantal
cantal/00000098.jpg,cantal
cantal/00000184.jpg,cantal
cantal/00000050.jpg,cantal
cantal/00000064.jpg,cantal
cantal/00000110.jpg,cantal
cantal/00000023.jpg,cantal
cantal/00000171.jpg,cantal
cantal/00000193.jpg,cantal
cantal/00000049.jpg,cantal
cantal/00000054.jpg,cantal
cantal/00000004.jpg,cantal
cantal/00000034.jpg,cantal
cantal/00000111.jpg,cantal
cantal/00000012.jpg,cantal
cantal/00000163.jpg,cantal
cantal/00000048.jpg,cantal
cantal/00000051.jpg,cantal
cantal/00000164.jpg,cantal
cantal/00000099.jpg,cantal
cantal/00000165.jpg,cantal
cantal/00000076.jpg,cantal
cantal/00000166.jpg,cantal
cantal/00000063.jpg,cantal
cantal/00000138.jpg,cantal
cantal/00000006.jpg,cantal
cantal/00000119.png,cantal
cantal/00000047.jpeg,cantal
cantal/00000024.jpg,cantal
cantal/00000090.jpg,cantal
cantal/00000123.jpg,cantal
cantal/00000118.jpg,cantal
cantal/00000030.jpg,cantal
cantal/00000058.jpg,cantal
cantal/00000000.jpg,cantal
cantal/00000033.png,cantal
comté/00000015.jpg,comté
comté/00000008.jpg,comté
comté/00000060.jpg,comté
comté/00000100.jpg,comté
comté/00000178.jpg,comté
comté/00000110.jpeg,comté
comté/00000195.png,comté
comté/00000021.jpg,comté
comté/00000040.jpg,comté
comté/00000120.jpg,comté
comté/00000087.jpg,comté
comté/00000056.jpg,comté
comté/00000065.jpg,comté
comté/00000187.jpg,comté
comté/00000055.jpg,comté
comté/00000151.jpg,comté
comté/00000007.jpg,comté
comté/00000170.jpg,comté
comté/00000115.jpg,comté
comté/00000096.png,comté
comté/00000083.jpg,comté
comté/00000124.jpg,comté
comté/00000071.jpg,comté
comté/00000025.jpg,comté
comté/00000072.jpg,comté
comté/00000188.jpg,comté
comté/00000020.jpg,comté
comté/00000142.jpg,comté
comté/00000177.jpg,comté
comté/00000109.jpg,comté
comté/00000156.jpg,comté
comté/00000139.jpg,comté
comté/00000068.jpg,comté
comté/00000113.jpeg,comté
comté/00000061.jpg,comté
comté/00000117.jpg,comté
comté/00000103.jpg,comté
comté/00000042.jpg,comté
comté/00000192.jpg,comté
comté/00000148.jpg,comté
comté/00000122.jpg,comté
comté/00000057.jpg,comté
comté/00000088.jpg,comté
comté/00000026.jpeg,comté
comté/00000169.jpg,comté
comté/00000003.jpg,comté
comté/00000155.JPG,comté
comté/00000050.png,comté
comté/00000157.jpg,comté
comté/00000176.jpg,comté
comté/00000005.jpg,comté
comté/00000181.jpg,comté
comté/00000070.jpg,comté
comté/00000106.jpg,comté
comté/00000044.jpg,comté
comté/00000174.jpg,comté
comté/00000130.jpg,comté
comté/00000011.jpg,comté
comté/00000168.jpg,comté
comté/00000067.jpg,comté
comté/00000196.jpg,comté
comté/00000147.jpg,comté
comté/00000018.jpg,comté
comté/00000035.jpg,comté
comté/00000161.jpg,comté
comté/00000143.jpg,comté
comté/00000112.png,comté
comté/00000191.jpg,comté
comté/00000101.jpg,comté
comté/00000183.png,comté
comté/00000140.jpg,comté
comté/00000097.jpg,comté
comté/00000052.png,comté
comté/00000175.JPG,comté
comté/00000159.jpg,comté
comté/00000006.jpeg,comté
comté/00000129.jpg,comté
comté/00000033.jpg,comté
comté/00000128.jpg,comté
comté/00000080.jpg,comté
comté/00000046.jpg,comté
comté/00000145.jpg,comté
comté/00000114.jpg,comté
comté/00000079.jpg,comté
comté/00000093.jpg,comté
comté/00000082.jpg,comté
comté/00000160.jpg,comté
comté/00000089.jpg,comté
comté/00000190.jpg,comté
comté/00000167.jpg,comté
comté/00000022.jpg,comté
comté/00000092.jpg,comté
comté/00000032.png,comté
comté/00000077.jpg,comté
comté/00000091.jpg,comté
comté/00000179.png,comté
comté/00000069.jpg,comté
comté/00000182.jpg,comté
comté/00000086.jpg,comté
comté/00000045.jpg,comté
comté/00000019.png,comté
comté/00000164.png,comté
comté/00000154.jpg,comté
comté/00000102.jpg,comté
comté/00000084.jpg,comté
comté/00000036.jpg,comté
comté/00000038.jpg,comté
comté/00000039.jpg,comté
comté/00000111.png,comté
comté/00000133.jpg,comté
comté/00000186.jpg,comté
comté/00000075.jpg,comté
comté/00000013.jpg,comté
comté/00000014.jpg,comté
comté/00000009.png,comté
comté/00000180.jpg,comté
comté/00000016.JPG,comté
comté/00000173.png,comté
comté/00000066.jpg,comté
comté/00000152.png,comté
comté/00000185.png,comté
comté/00000062.jpg,comté
comté/00000131.jpg,comté
comté/00000150.jpg,comté
comté/00000095.jpg,comté
comté/00000085.jpg,comté
comté/00000127.jpg,comté
comté/00000027.jpg,comté
comté/00000138.JPG,comté
comté/00000081.jpg,comté
comté/00000053.jpg,comté
comté/00000002.jpg,comté
comté/00000199.jpg,comté
comté/00000017.jpg,comté
comté/00000094.jpg,comté
comté/00000037.jpg,comté
comté/00000146.jpg,comté
comté/00000098.jpg,comté
comté/00000184.jpg,comté
comté/00000064.jpg,comté
comté/00000116.jpg,comté
comté/00000135.jpg,comté
comté/00000193.jpg,comté
comté/00000049.jpg,comté
comté/00000054.jpg,comté
comté/00000004.jpg,comté
comté/00000034.jpg,comté
comté/00000043.jpeg,comté
comté/00000012.jpg,comté
comté/00000108.JPG,comté
comté/00000163.jpg,comté
comté/00000048.jpg,comté
comté/00000051.jpg,comté
comté/00000158.jpg,comté
comté/00000165.jpg,comté
comté/00000076.jpg,comté
comté/00000024.jpg,comté
comté/00000090.jpg,comté
comté/00000123.jpg,comté
comté/00000118.jpg,comté
comté/00000162.jpg,comté
comté/00000010.png,comté
comté/00000030.jpg,comté
comté/00000058.jpg,comté
comté/00000000.jpg,comté
reblochon/00000015.jpg,reblochon
reblochon/00000008.jpg,reblochon
reblochon/00000060.jpg,reblochon
reblochon/00000100.jpg,reblochon
reblochon/00000021.jpg,reblochon
reblochon/00000040.jpg,reblochon
reblochon/00000087.jpg,reblochon
reblochon/00000056.jpg,reblochon
reblochon/00000043.jpg,reblochon
reblochon/00000152.jpg,reblochon
reblochon/00000149.jpg,reblochon
reblochon/00000155.jpg,reblochon
reblochon/00000031.jpg,reblochon
reblochon/00000065.jpg,reblochon
reblochon/00000055.jpg,reblochon
reblochon/00000151.jpg,reblochon
reblochon/00000007.jpg,reblochon
reblochon/00000170.jpg,reblochon
reblochon/00000041.jpg,reblochon
reblochon/00000073.jpg,reblochon
reblochon/00000083.jpg,reblochon
reblochon/00000025.jpg,reblochon
reblochon/00000072.jpg,reblochon
reblochon/00000020.jpg,reblochon
reblochon/00000142.jpg,reblochon
reblochon/00000109.jpg,reblochon
reblochon/00000173.jpg,reblochon
reblochon/00000156.jpg,reblochon
reblochon/00000049.png,reblochon
reblochon/00000124.jpeg,reblochon
reblochon/00000139.jpg,reblochon
reblochon/00000068.jpg,reblochon
reblochon/00000096.jpg,reblochon
reblochon/00000061.jpg,reblochon
reblochon/00000117.jpg,reblochon
reblochon/00000103.jpg,reblochon
reblochon/00000126.jpg,reblochon
reblochon/00000122.jpg,reblochon
reblochon/00000107.gif,reblochon
reblochon/00000088.jpg,reblochon
reblochon/00000169.jpg,reblochon
reblochon/00000003.jpg,reblochon
reblochon/00000157.jpg,reblochon
reblochon/00000005.jpg,reblochon
reblochon/00000029.jpg,reblochon
reblochon/00000090.png,reblochon
reblochon/00000070.jpg,reblochon
reblochon/00000032.jpg,reblochon
reblochon/00000106.jpg,reblochon
reblochon/00000044.jpg,reblochon
reblochon/00000130.jpg,reblochon
reblochon/00000102.JPG,reblochon
reblochon/00000168.jpg,reblochon
reblochon/00000067.jpg,reblochon
reblochon/00000147.jpg,reblochon
reblochon/00000018.jpg,reblochon
reblochon/00000035.jpg,reblochon
reblochon/00000161.jpg,reblochon
reblochon/00000119.jpg,reblochon
reblochon/00000120.JPG,reblochon
reblochon/00000009.jpg,reblochon
reblochon/00000143.jpg,reblochon
reblochon/00000112.png,reblochon
reblochon/00000101.jpg,reblochon
reblochon/00000140.jpg,reblochon
reblochon/00000097.jpg,reblochon
reblochon/00000121.jpg,reblochon
reblochon/00000132.png,reblochon
reblochon/00000129.jpg,reblochon
reblochon/00000033.jpg,reblochon
reblochon/00000128.jpg,reblochon
reblochon/00000016.jpg,reblochon
reblochon/00000052.jpg,reblochon
reblochon/00000046.jpg,reblochon
reblochon/00000145.jpg,reblochon
reblochon/00000114.jpg,reblochon
reblochon/00000079.jpg,reblochon
reblochon/00000141.jpg,reblochon
reblochon/00000113.jpg,reblochon
reblochon/00000093.jpg,reblochon
reblochon/00000108.png,reblochon
reblochon/00000125.jpg,reblochon
reblochon/00000160.jpg,reblochon
reblochon/00000089.jpg,reblochon
reblochon/00000167.jpg,reblochon
reblochon/00000022.jpg,reblochon
reblochon/00000134.jpg,reblochon
reblochon/00000092.jpg,reblochon
reblochon/00000077.jpg,reblochon
reblochon/00000105.jpeg,reblochon
reblochon/00000028.jpg,reblochon
reblochon/00000078.jpg,reblochon
reblochon/00000069.jpg,reblochon
reblochon/00000144.jpg,reblochon
reblochon/00000086.jpg,reblochon
reblochon/00000011.png,reblochon
reblochon/00000104.jpg,reblochon
reblochon/00000047.jpg,reblochon
reblochon/00000164.png,reblochon
reblochon/00000154.jpg,reblochon
reblochon/00000084.jpg,reblochon
reblochon/00000036.jpg,reblochon
reblochon/00000075.jpeg,reblochon
reblochon/00000026.jpg,reblochon
reblochon/00000038.jpg,reblochon
reblochon/00000039.jpg,reblochon
reblochon/00000159.JPG,reblochon
reblochon/00000010.jpg,reblochon
reblochon/00000013.jpg,reblochon
reblochon/00000074.jpg,reblochon
reblochon/00000148.JPG,reblochon
reblochon/00000014.jpg,reblochon
reblochon/00000153.jpg,reblochon
reblochon/00000136.jpg,reblochon
reblochon/00000066.jpg,reblochon
reblochon/00000062.jpg,reblochon
reblochon/00000131.jpg,reblochon
reblochon/00000150.jpg,reblochon
reblochon/00000019.jpg,reblochon
reblochon/00000085.jpg,reblochon
reblochon/00000058.png,reblochon
reblochon/00000127.jpg,reblochon
reblochon/00000027.jpg,reblochon
reblochon/00000081.jpg,reblochon
reblochon/00000053.jpg,reblochon
reblochon/00000002.jpg,reblochon
reblochon/00000091.png,reblochon
reblochon/00000017.jpg,reblochon
reblochon/00000094.jpg,reblochon
reblochon/00000037.jpg,reblochon
reblochon/00000146.jpg,reblochon
reblochon/00000098.jpg,reblochon
reblochon/00000064.jpg,reblochon
reblochon/00000110.jpg,reblochon
reblochon/00000116.jpg,reblochon
reblochon/00000135.jpg,reblochon
reblochon/00000023.jpg,reblochon
reblochon/00000171.jpg,reblochon
reblochon/00000054.jpg,reblochon
reblochon/00000034.jpg,reblochon
reblochon/00000111.jpg,reblochon
reblochon/00000012.jpg,reblochon
reblochon/00000048.jpg,reblochon
reblochon/00000051.jpg,reblochon
reblochon/00000158.jpg,reblochon
reblochon/00000099.jpg,reblochon
reblochon/00000165.jpg,reblochon
reblochon/00000076.jpg,reblochon
reblochon/00000166.jpg,reblochon
reblochon/00000045.jpeg,reblochon
reblochon/00000063.jpg,reblochon
reblochon/00000138.jpg,reblochon
reblochon/00000006.jpg,reblochon
reblochon/00000024.jpg,reblochon
reblochon/00000082.png,reblochon
reblochon/00000123.jpg,reblochon
reblochon/00000118.jpg,reblochon
reblochon/00000162.jpg,reblochon
reblochon/00000030.jpg,reblochon
camembert/00000015.jpg,camembert
camembert/00000044.png,camembert
camembert/00000060.jpg,camembert
camembert/00000105.jpg,camembert
camembert/00000040.jpg,camembert
camembert/00000120.jpg,camembert
camembert/00000087.jpg,camembert
camembert/00000056.jpg,camembert
camembert/00000137.jpg,camembert
camembert/00000043.jpg,camembert
camembert/00000152.jpg,camembert
camembert/00000133.png,camembert
camembert/00000031.jpg,camembert
camembert/00000065.jpg,camembert
camembert/00000055.jpg,camembert
camembert/00000147.png,camembert
camembert/00000151.png,camembert
camembert/00000115.jpg,camembert
camembert/00000041.jpg,camembert
camembert/00000073.jpg,camembert
camembert/00000083.jpg,camembert
camembert/00000124.jpg,camembert
camembert/00000071.jpg,camembert
camembert/00000025.jpg,camembert
camembert/00000072.jpg,camembert
camembert/00000062.JPG,camembert
camembert/00000108.jpg,camembert
camembert/00000112.jpg,camembert
camembert/00000142.jpg,camembert
camembert/00000093.png,camembert
camembert/00000059.jpg,camembert
camembert/00000088.jpeg,camembert
camembert/00000068.jpg,camembert
camembert/00000096.jpg,camembert
camembert/00000061.jpg,camembert
camembert/00000110.png,camembert
camembert/00000117.jpg,camembert
camembert/00000103.jpg,camembert
camembert/00000042.jpg,camembert
camembert/00000100.JPG,camembert
camembert/00000148.jpg,camembert
camembert/00000122.jpg,camembert
camembert/00000057.jpg,camembert
camembert/00000003.jpg,camembert
camembert/00000005.jpg,camembert
camembert/00000035.jpeg,camembert
camembert/00000029.jpg,camembert
camembert/00000070.jpg,camembert
camembert/00000032.jpg,camembert
camembert/00000106.jpg,camembert
camembert/00000130.jpg,camembert
camembert/00000011.jpg,camembert
camembert/00000084.png,camembert
camembert/00000048.png,camembert
camembert/00000079.png,camembert
camembert/00000067.jpg,camembert
camembert/00000018.jpg,camembert
camembert/00000161.jpg,camembert
camembert/00000119.jpg,camembert
camembert/00000009.jpg,camembert
camembert/00000143.jpg,camembert
camembert/00000140.jpg,camembert
camembert/00000109.JPG,camembert
camembert/00000097.jpg,camembert
camembert/00000121.jpg,camembert
camembert/00000159.jpg,camembert
camembert/00000107.jpg,camembert
camembert/00000129.jpg,camembert
camembert/00000033.jpg,camembert
camembert/00000128.jpg,camembert
camembert/00000080.jpg,camembert
camembert/00000132.jpg,camembert
camembert/00000016.jpg,camembert
camembert/00000052.jpg,camembert
camembert/00000145.jpg,camembert
camembert/00000126.png,camembert
camembert/00000114.jpg,camembert
camembert/00000141.jpg,camembert
camembert/00000113.jpg,camembert
camembert/00000156.png,camembert
camembert/00000082.jpg,camembert
camembert/00000160.jpg,camembert
camembert/00000089.jpg,camembert
camembert/00000022.jpg,camembert
camembert/00000046.jpeg,camembert
camembert/00000134.jpg,camembert
camembert/00000092.jpeg,camembert
camembert/00000077.jpg,camembert
camembert/00000028.jpg,camembert
camembert/00000078.jpg,camembert
camembert/00000091.jpg,camembert
camembert/00000069.jpg,camembert
camembert/00000144.jpg,camembert
camembert/00000086.jpg,camembert
camembert/00000045.jpg,camembert
camembert/00000104.jpg,camembert
camembert/00000047.jpg,camembert
camembert/00000154.jpg,camembert
camembert/00000102.jpg,camembert
camembert/00000036.jpg,camembert
camembert/00000026.jpg,camembert
camembert/00000038.jpg,camembert
camembert/00000039.jpg,camembert
camembert/00000111.png,camembert
camembert/00000149.png,camembert
camembert/00000075.jpg,camembert
camembert/00000010.jpg,camembert
camembert/00000013.jpg,camembert
camembert/00000074.jpg,camembert
camembert/00000014.jpg,camembert
camembert/00000153.jpg,camembert
camembert/00000136.jpg,camembert
camembert/00000007.png,camembert
camembert/00000101.png,camembert
camembert/00000131.jpg,camembert
camembert/00000001.jpg,camembert
camembert/00000019.jpg,camembert
camembert/00000095.jpg,camembert
camembert/00000158.JPG,camembert
camembert/00000085.jpg,camembert
camembert/00000127.jpg,camembert
camembert/00000027.jpg,camembert
camembert/00000081.jpg,camembert
camembert/00000053.jpg,camembert
camembert/00000002.jpg,camembert
camembert/00000017.jpg,camembert
camembert/00000094.jpg,camembert
camembert/00000037.jpg,camembert
camembert/00000146.jpg,camembert
camembert/00000098.jpg,camembert
camembert/00000050.jpg,camembert
camembert/00000064.jpg,camembert
camembert/00000116.jpg,camembert
camembert/00000135.jpg,camembert
camembert/00000023.jpg,camembert
camembert/00000049.jpg,camembert
camembert/00000054.jpg,camembert
camembert/00000004.jpg,camembert
camembert/00000034.jpg,camembert
camembert/00000012.jpg,camembert
camembert/00000163.jpg,camembert
camembert/00000051.jpg,camembert
camembert/00000164.jpg,camembert
camembert/00000099.jpg,camembert
camembert/00000008.png,camembert
camembert/00000076.jpg,camembert
camembert/00000063.jpg,camembert
camembert/00000138.jpg,camembert
camembert/00000000.JPG,camembert
camembert/00000006.jpg,camembert
camembert/00000024.jpg,camembert
camembert/00000090.jpg,camembert
camembert/00000123.jpg,camembert
camembert/00000118.jpg,camembert
camembert/00000162.jpg,camembert
camembert/00000030.jpg,camembert
camembert/00000058.jpg,camembert
camembert/00000021.jpeg,camembert
saint-nectaire/00000015.jpg,saint-nectaire
saint-nectaire/00000060.jpg,saint-nectaire
saint-nectaire/00000017.png,saint-nectaire
saint-nectaire/00000100.jpg,saint-nectaire
saint-nectaire/00000178.jpg,saint-nectaire
saint-nectaire/00000105.jpg,saint-nectaire
saint-nectaire/00000021.jpg,saint-nectaire
saint-nectaire/00000040.jpg,saint-nectaire
saint-nectaire/00000120.jpg,saint-nectaire
saint-nectaire/00000185.jpg,saint-nectaire
saint-nectaire/00000087.jpg,saint-nectaire
saint-nectaire/00000056.jpg,saint-nectaire
saint-nectaire/00000137.jpg,saint-nectaire
saint-nectaire/00000130.JPG,saint-nectaire
saint-nectaire/00000043.jpg,saint-nectaire
saint-nectaire/00000152.jpg,saint-nectaire
saint-nectaire/00000194.jpg,saint-nectaire
saint-nectaire/00000149.jpg,saint-nectaire
saint-nectaire/00000155.jpg,saint-nectaire
saint-nectaire/00000031.jpg,saint-nectaire
saint-nectaire/00000065.jpg,saint-nectaire
saint-nectaire/00000187.jpg,saint-nectaire
saint-nectaire/00000055.jpg,saint-nectaire
saint-nectaire/00000151.jpg,saint-nectaire
saint-nectaire/00000007.jpg,saint-nectaire
saint-nectaire/00000170.jpg,saint-nectaire
saint-nectaire/00000115.jpg,saint-nectaire
saint-nectaire/00000041.jpg,saint-nectaire
saint-nectaire/00000157.png,saint-nectaire
saint-nectaire/00000073.jpg,saint-nectaire
saint-nectaire/00000083.jpg,saint-nectaire
saint-nectaire/00000071.jpg,saint-nectaire
saint-nectaire/00000072.jpg,saint-nectaire
saint-nectaire/00000141.png,saint-nectaire
saint-nectaire/00000188.jpg,saint-nectaire
saint-nectaire/00000112.jpg,saint-nectaire
saint-nectaire/00000020.jpg,saint-nectaire
saint-nectaire/00000142.jpg,saint-nectaire
saint-nectaire/00000177.jpg,saint-nectaire
saint-nectaire/00000109.jpg,saint-nectaire
saint-nectaire/00000158.jpeg,saint-nectaire
saint-nectaire/00000173.jpg,saint-nectaire
saint-nectaire/00000156.jpg,saint-nectaire
saint-nectaire/00000059.jpg,saint-nectaire
saint-nectaire/00000124.jpeg,saint-nectaire
saint-nectaire/00000139.jpg,saint-nectaire
saint-nectaire/00000068.jpg,saint-nectaire
saint-nectaire/00000096.jpg,saint-nectaire
saint-nectaire/00000061.jpg,saint-nectaire
saint-nectaire/00000117.jpg,saint-nectaire
saint-nectaire/00000042.jpg,saint-nectaire
saint-nectaire/00000148.jpg,saint-nectaire
saint-nectaire/00000084.jpeg,saint-nectaire
saint-nectaire/00000126.jpg,saint-nectaire
saint-nectaire/00000122.jpg,saint-nectaire
saint-nectaire/00000057.jpg,saint-nectaire
saint-nectaire/00000088.jpg,saint-nectaire
saint-nectaire/00000176.jpg,saint-nectaire
saint-nectaire/00000104.jpeg,saint-nectaire
saint-nectaire/00000005.jpg,saint-nectaire
saint-nectaire/00000029.jpg,saint-nectaire
saint-nectaire/00000181.jpg,saint-nectaire
saint-nectaire/00000070.jpg,saint-nectaire
saint-nectaire/00000032.jpg,saint-nectaire
saint-nectaire/00000175.jpg,saint-nectaire
saint-nectaire/00000106.jpg,saint-nectaire
saint-nectaire/00000044.jpg,saint-nectaire
saint-nectaire/00000174.jpg,saint-nectaire
saint-nectaire/00000171.png,saint-nectaire
saint-nectaire/00000011.jpg,saint-nectaire
saint-nectaire/00000140.jpeg,saint-nectaire
saint-nectaire/00000067.jpg,saint-nectaire
saint-nectaire/00000196.jpg,saint-nectaire
saint-nectaire/00000147.jpg,saint-nectaire
saint-nectaire/00000018.jpg,saint-nectaire
saint-nectaire/00000035.jpg,saint-nectaire
saint-nectaire/00000161.jpg,saint-nectaire
saint-nectaire/00000198.jpg,saint-nectaire
saint-nectaire/00000143.jpg,saint-nectaire
saint-nectaire/00000191.jpg,saint-nectaire
saint-nectaire/00000101.jpg,saint-nectaire
saint-nectaire/00000197.png,saint-nectaire
saint-nectaire/00000097.jpg,saint-nectaire
saint-nectaire/00000179.jpg,saint-nectaire
saint-nectaire/00000121.jpg,saint-nectaire
saint-nectaire/00000159.jpg,saint-nectaire
saint-nectaire/00000107.jpg,saint-nectaire
saint-nectaire/00000129.jpg,saint-nectaire
saint-nectaire/00000128.jpg,saint-nectaire
saint-nectaire/00000080.jpg,saint-nectaire
saint-nectaire/00000132.jpg,saint-nectaire
saint-nectaire/00000003.png,saint-nectaire
saint-nectaire/00000052.jpg,saint-nectaire
saint-nectaire/00000046.jpg,saint-nectaire
saint-nectaire/00000145.jpg,saint-nectaire
saint-nectaire/00000114.jpg,saint-nectaire
saint-nectaire/00000079.jpg,saint-nectaire
saint-nectaire/00000113.jpg,saint-nectaire
saint-nectaire/00000093.jpg,saint-nectaire
saint-nectaire/00000004.png,saint-nectaire
saint-nectaire/00000125.jpg,saint-nectaire
saint-nectaire/00000082.jpg,saint-nectaire
saint-nectaire/00000160.jpg,saint-nectaire
saint-nectaire/00000089.jpg,saint-nectaire
saint-nectaire/00000190.jpg,saint-nectaire
saint-nectaire/00000167.jpg,saint-nectaire
saint-nectaire/00000022.jpg,saint-nectaire
saint-nectaire/00000092.jpg,saint-nectaire
saint-nectaire/00000077.jpg,saint-nectaire
saint-nectaire/00000028.jpg,saint-nectaire
saint-nectaire/00000078.jpg,saint-nectaire
saint-nectaire/00000091.jpg,saint-nectaire
saint-nectaire/00000069.jpg,saint-nectaire
saint-nectaire/00000182.jpg,saint-nectaire
saint-nectaire/00000144.jpg,saint-nectaire
saint-nectaire/00000086.jpg,saint-nectaire
saint-nectaire/00000189.jpg,saint-nectaire
saint-nectaire/00000045.jpg,saint-nectaire
saint-nectaire/00000047.jpg,saint-nectaire
saint-nectaire/00000172.jpg,saint-nectaire
saint-nectaire/00000102.jpg,saint-nectaire
saint-nectaire/00000036.jpg,saint-nectaire
saint-nectaire/00000026.jpg,saint-nectaire
saint-nectaire/00000183.jpg,saint-nectaire
saint-nectaire/00000038.jpg,saint-nectaire
saint-nectaire/00000039.jpg,saint-nectaire
saint-nectaire/00000133.jpg,saint-nectaire
saint-nectaire/00000186.jpg,saint-nectaire
saint-nectaire/00000075.jpg,saint-nectaire
saint-nectaire/00000074.jpg,saint-nectaire
saint-nectaire/00000014.jpg,saint-nectaire
saint-nectaire/00000009.png,saint-nectaire
saint-nectaire/00000180.jpg,saint-nectaire
saint-nectaire/00000153.jpg,saint-nectaire
saint-nectaire/00000136.jpg,saint-nectaire
saint-nectaire/00000066.jpg,saint-nectaire
saint-nectaire/00000062.jpg,saint-nectaire
saint-nectaire/00000131.jpg,saint-nectaire
saint-nectaire/00000001.jpg,saint-nectaire
saint-nectaire/00000150.jpg,saint-nectaire
saint-nectaire/00000085.jpg,saint-nectaire
saint-nectaire/00000127.jpg,saint-nectaire
saint-nectaire/00000027.jpg,saint-nectaire
saint-nectaire/00000081.jpg,saint-nectaire
saint-nectaire/00000053.jpg,saint-nectaire
saint-nectaire/00000002.jpg,saint-nectaire
saint-nectaire/00000199.jpg,saint-nectaire
saint-nectaire/00000094.jpg,saint-nectaire
saint-nectaire/00000037.jpg,saint-nectaire
saint-nectaire/00000146.jpg,saint-nectaire
saint-nectaire/00000098.jpg,saint-nectaire
saint-nectaire/00000184.jpg,saint-nectaire
saint-nectaire/00000050.jpg,saint-nectaire
saint-nectaire/00000064.jpg,saint-nectaire
saint-nectaire/00000110.jpg,saint-nectaire
saint-nectaire/00000135.jpg,saint-nectaire
saint-nectaire/00000016.png,saint-nectaire
saint-nectaire/00000023.jpg,saint-nectaire
saint-nectaire/00000049.jpg,saint-nectaire
saint-nectaire/00000054.jpg,saint-nectaire
saint-nectaire/00000034.jpg,saint-nectaire
saint-nectaire/00000111.jpg,saint-nectaire
saint-nectaire/00000012.jpg,saint-nectaire
saint-nectaire/00000163.jpg,saint-nectaire
saint-nectaire/00000051.jpg,saint-nectaire
saint-nectaire/00000164.jpg,saint-nectaire
saint-nectaire/00000165.jpg,saint-nectaire
saint-nectaire/00000076.jpg,saint-nectaire
saint-nectaire/00000166.jpg,saint-nectaire
saint-nectaire/00000138.jpg,saint-nectaire
saint-nectaire/00000006.jpg,saint-nectaire
saint-nectaire/00000024.jpg,saint-nectaire
saint-nectaire/00000099.png,saint-nectaire
saint-nectaire/00000090.jpg,saint-nectaire
saint-nectaire/00000123.jpg,saint-nectaire
saint-nectaire/00000118.jpg,saint-nectaire
saint-nectaire/00000162.jpg,saint-nectaire
saint-nectaire/00000030.jpg,saint-nectaire
saint-nectaire/00000058.jpg,saint-nectaire
